sequence,label
AAAATAAAAAGLGE,0
AGGNLTGWHPDSAAVL,0
AITISNCHLTEHDDVMLLGASDTYTQDEI,0
AQKKAQEVICSAIQRFAGEFVVDR,0
ASYALEYGKAELEIQKDALEPGQRVVIVDDLLATGGTMCAACELLNQLR,0
AVAQSRGEIVALVNDDVEVIAPDWLSEMVALAQRPGVGCV,0
CFLSALTLSFATLPYYAYNYLLVGPLGFVPEDNALLSTVFTHSYLKD,0
CIFMSKKFIELGDPVTQDEKDYEDYVGV,0
DGGARFVEDAWVRDAGGGGRTRVIGEGKVIEKGGVNFSHVFGA,0
DSRYTVQSFSTDGHPDFIPSDSLDILSY,0
DVDSIYKIPALLRSQGLDDL,0
DVYPILSLQSCLDKRAAKGGVSPQQVAQAIAFA,0
DWGSAEEEGKALSSPTSPEHDFLKAWVYRPGEDTE,0
EDNADEMRMGNDGTPIFLSNHAGG,0
EEEEEEASFENESIEEPE,0
EHLPSNFFKGEECFQCKGAKKYTVECAQAAFSDRGFIPLFDTYH,0
EKKERYINELGLKKDDAEVIISSYEHAKFFEDLINAGHEPKLCVTW,0
ELMTLFKNLHKKGM,0
ERVIVAGLPKSRAAMHLDTVFSFCDRDLV,0
EVSMENMVTVGFFSCMGTLCLGAAAFSQCEDWSFFHAY,0
FSSADVRSIPIIQTWEENKALKTKITILRGELQMYQ,0
FTTFAVSTVCLPLFAFLFC,0
GGILKYFEEVGGSHYRGDCFVFDYRTALNPSLE,0
GHTINVVHSRGKSM,0
GKKIVGFHGRSGNALDALGVYFVHGSLTTSPPVYKLDAQGGTDGRVWDD,0
GKKLVQDLQLAGKLPASLTQ,0
GLFGGAGVGKTVLIMELINNIAKAHGGVSVFGGVGERTREGNDLYM,0
GLRPKSKERKGRMKILVTNDDGVH,0
GLTPSKILTEEAFMNAITADMALGCST,0
GQFIWKANPAIVEKLSEVGALMHTETISHSYMHCWRHKTP,0
GSCKYTANGGV,0
GSFSGTVSKIRIRATTITDFD,0
GSRGGEGGRAPREGPAGNGRDRGRSHAAEAPGDPQAAASLLAPMD,0
GVKLLEPIMKVEVV,0
HFYGMQKYHHEKLVQMLKDIYGNKMCPAIFAQEVSLKYLWEKDY,0
HLGCPEKYNFPWVS,0
HNACPDAYSYAYDDKRGTFTCNGGPNYAITFCPMRLVQLSR,0
IDVTSADALQKYGSI,0
ILDPALLRSGRLDRKIEFPMPNEEARARIMQIHSRKMNVSP,0
IMAHIDAGKTTTTERILYYTGKIH,0
IRSWRDLPQLLN,0
ITGAYVLISLFQSSQSCALEGTRGCYEVRDPMDLALLAAILTG,0
IVEENQQINAELKTLQNKHNTMTTGISTGADGSSAAEDGSYTEQLME,0
KCVHGRCIAPNTC,0
KGAEEMETVIPTDVMRRAGIKVTVAGLTGKEPVQCSR,0
KQEETTWSMGFDTTI,0
KSPCKRCTMDSSDPASPAYIIPRPGGEVICGGTYGVGDWDLSVNPET,0
LAALGQIRSLLSVRMGKEEELLMINGLGDIMNN,0
LAGANSIFYGERLLTTANNEADADAELLRDIG,0
LAMIKAAPPLDVDKVLNPSEPSVIYDDKNKLVDT,0
LECHPQQIEFSRLNLEYTIMSKR,0
LKKLIDQLGWYAPTFESMEMSHPPTILRK,0
LMLMATAFVGYVLPWGQMSFWGATVITNLFSAI,0
LNMLNRRDSSASTISSAYLSSRRSSGISPCFS,0
LPFIIAALAMVHLLFLHETGSNNPTGISSDADKIPFHPYYTIKDILGAL,0
LVYLFPLILAMALILLLTAFITKVNLHNK,0
MLRNAQARLLRDN,0
MNLKEARNFIDKKIVTEGMIPKTECCI,0
MVNVQPTNEKLIQRATNIIKEAAEIEESQAKEYLE,0
MWELEKKSAVADKHELLSLASSNHLGKSLQLLMDR,0
NHDVHVLTQVLRGMTSRNETLFQRAQKSIPGGVNSPVRAFRSVGGTPRF,0
NLSIKENCCSFAGNCSSYLYHTIYQALAD,0
NTRKRIIEMIEREIALARKSSGGRIIMKMNSLVDPATIQALYRASRA,0
PGVPDEVLMPEQTWADKAAYKAKAIELANEFKENFKKFESV,0
PLNKDKGEKEERPRQQDPQRKALLH,0
PRPMIHHSSLNFSFSGLKTFTSKVISNNTLNIQQKANIAR,0
QIRSYVLDDSRIKDLRTGVETRNTQAVLDGDLD,0
QKGANTIAIGYDEGSVTLKLGREEPAVS,0
QLREKQKVKRIYGVLERQFRRYFAEA,0
QQVGGIECSPVTGEITYGLERLAMY,0
QREENVKQAKAMGEKAKVSIRNIRKDANDAVKKLEKDKAI,0
QTGCQNTWIQSKCPASCFCRTEIIMKKRIPRIYIKYFLQI,0
RILHRDLKSKNIFLKNNLLK,0
RKMSRVKAMDNLTSKDVINRIKEMGIELRITDP,0
RYVDELNAGKDGPRGDNFNMRWIASMVADVHRILNRG,0
SLTSVHPDLMKILGDINSDFTRADEDEEIIVKAMSDYW,0
SLVSLFEKWDVSVAL,0
SVGIIQRDESPMEKGLSGLRGRDFELSDVFY,0
TEREAPISRRRRHPDDAGQFAVALVIIYRTL,0
TGARPGTSPKRCPTCGGTGQIRTTRTG,0
TQKKVPDKLLDSSTVTHLFKITENIG,0
TSEQIVRAYAPEQKM,0
TVDLSCGLVVTPLIGSSVSSSSMS,0
VAAQMQHVAAFSLVAAPLLPAAAANSPPGSGPGTLPGLPAPI,0
VASLIEEEGNPNLKLRLYVSGGGCSGFQY,0
VFHLKGGILQYLEDIPQDQSTWNGACFVFD,0
VGAQSLNALTGQIVPKDIQLATPPQVGAPATEYAALAELKAIASRNKRF,0
VKNVRQKSIVIGHNGEKIKKISMISRNNIEKKFY,0
VLASGAKRVSDA,0
VMVKGPGPGRESTIRALNAAG,0
VSYIIHGLMRMDTLQPDRCEIRGENFHWQGDALV,0
VVLDAGRVAQVGKPLELYHYPADRFVAGFIGSPKMNFLPVKVTATAI,0
YDAGRCDVYTTDQSGLYSLRLTL,0
YEQETEPMAKVKATMYYLKNTNFWM,0
YIKFHRLQDMEE,0
YYLGAHLPIFRSYLGGGSVFTILLTAILVATNVIPKYVVT,0
